central_0.png,7
central_1.png,7
central_10.png,7
central_11.png,7
central_12.png,7
central_13.png,7
central_14.png,7
central_15.png,7
central_16.png,7
central_17.png,7
central_18.png,7
central_19.png,7
central_2.png,7
central_3.png,7
central_4.png,7
central_5.png,7
central_6.png,7
central_7.png,7
central_8.png,7
central_9.png,7
desert_0.png,2
desert_1.png,2
desert_10.png,2
desert_11.png,2
desert_12.png,2
desert_13.png,2
desert_14.png,2
desert_2.png,2
desert_3.png,2
desert_4.png,2
desert_5.png,2
desert_6.png,2
desert_7.png,2
desert_8.png,2
desert_9.png,2
mountains_0.png,6
mountains_1.png,6
mountains_10.png,6
mountains_11.png,6
mountains_12.png,6
mountains_13.png,6
mountains_14.png,6
mountains_15.png,6
mountains_16.png,6
mountains_17.png,6
mountains_18.png,6
mountains_19.png,6
mountains_2.png,6
mountains_20.png,6
mountains_21.png,6
mountains_22.png,6
mountains_23.png,6
mountains_24.png,6
mountains_25.png,6
mountains_26.png,6
mountains_27.png,6
mountains_28.png,6
mountains_29.png,6
mountains_3.png,6
mountains_30.png,6
mountains_31.png,6
mountains_32.png,6
mountains_33.png,6
mountains_34.png,6
mountains_35.png,6
mountains_36.png,6
mountains_37.png,6
mountains_38.png,6
mountains_39.png,6
mountains_4.png,6
mountains_5.png,6
mountains_6.png,6
mountains_7.png,6
mountains_8.png,6
mountains_9.png,6
ruins_0.png,0
ruins_1.png,0
ruins_10.png,0
ruins_11.png,0
ruins_12.png,0
ruins_13.png,0
ruins_14.png,0
ruins_2.png,0
ruins_3.png,0
ruins_4.png,0
ruins_5.png,0
ruins_6.png,0
ruins_7.png,0
ruins_8.png,0
ruins_9.png,0
skyisland_0.png,5
skyisland_1.png,5
skyisland_2.png,5
skyisland_3.png,5
skyisland_4.png,5
skyisland_5.png,5
skyisland_6.png,5
skyisland_7.png,5
skyisland_8.png,5
skyisland_9.png,5
village_0.png,3
village_1.png,3
village_10.png,3
village_11.png,3
village_12.png,3
village_13.png,3
village_14.png,3
village_15.png,3
village_16.png,3
village_17.png,3
village_18.png,3
village_19.png,3
village_2.png,3
village_3.png,3
village_4.png,3
village_5.png,3
village_6.png,3
village_7.png,3
village_8.png,3
village_9.png,3
waterfall_0.png,1
waterfall_1.png,1
waterfall_10.png,1
waterfall_11.png,1
waterfall_12.png,1
waterfall_13.png,1
waterfall_14.png,1
waterfall_2.png,1
waterfall_3.png,1
waterfall_4.png,1
waterfall_5.png,1
waterfall_6.png,1
waterfall_7.png,1
waterfall_8.png,1
waterfall_9.png,1
woods_0.png,4
woods_1.png,4
woods_10.png,4
woods_11.png,4
woods_12.png,4
woods_13.png,4
woods_14.png,4
woods_15.png,4
woods_16.png,4
woods_17.png,4
woods_18.png,4
woods_2.png,4
woods_3.png,4
woods_4.png,4
woods_5.png,4
woods_6.png,4
woods_7.png,4
woods_8.png,4
woods_9.png,4
